{
  "horizontalGapMultiplier": 1.219497353517404,
  "rowSplitMultiplier": 3.1024126595800956,
  "horizontalGapMin": 12,
  "bottomMarginThreshold": 0.8326907199134223,
  "topMarginThreshold": 0.10044413724016359,
  "distanceFromCenterPenalty": 4.840529410092541,
  "tableDensityThreshold": 0.6985618842172149,
  "pageGarbageRatioThreshold": 0.4554856547254581,
  "paragraphGapThreshold": 1.5088077796767423,
  "continuationGapThreshold": 2.346406152053748,
  "tableGapYThreshold": 2.055654766434288,
  "gapMultiplier": 0.6148540876742017,
  "ocrTolMultiplier": 2.733889345414216,
  "_trainScore": 0.5340350600669835,
  "_holdoutScore": 0.5614444911602525
}