{
  "horizontalGapMultiplier": 1.2978533657458313,
  "rowSplitMultiplier": 5.956583697886874,
  "horizontalGapMin": 4,
  "bottomMarginThreshold": 0.9155103451206553,
  "topMarginThreshold": 0.13647033775830958,
  "distanceFromCenterPenalty": 1.2663451634130547,
  "tableDensityThreshold": 0.2023983794572276,
  "pageGarbageRatioThreshold": 0.36004413400125446,
  "paragraphGapThreshold": 1.35418994741879,
  "continuationGapThreshold": 2.3729205221261127,
  "tableGapYThreshold": 5.7032618256097445,
  "gapMultiplier": 0.6155392364981719,
  "ocrTolMultiplier": 1.3071656984621034,
  "_bestScore": 0.6166129397941372
}